symbol,start_utc,end_utc,start_new_york,alpaca_classification,independent_status
IEF,2017-01-03T14:32:00+00:00,2017-01-03T14:33:00+00:00,2017-01-03T09:32:00-05:00,no_returned_trades,not_retrieved
IEF,2017-01-03T15:40:00+00:00,2017-01-03T15:41:00+00:00,2017-01-03T10:40:00-05:00,only_price_ineligible_trades,not_retrieved
IEF,2017-01-03T17:08:00+00:00,2017-01-03T17:09:00+00:00,2017-01-03T12:08:00-05:00,only_price_ineligible_trades,not_retrieved
IEF,2017-01-03T18:30:00+00:00,2017-01-03T18:31:00+00:00,2017-01-03T13:30:00-05:00,no_returned_trades,not_retrieved
IEF,2017-01-03T19:53:00+00:00,2017-01-03T19:54:00+00:00,2017-01-03T14:53:00-05:00,only_price_ineligible_trades,not_retrieved
BIL,2017-01-03T14:33:00+00:00,2017-01-03T14:34:00+00:00,2017-01-03T09:33:00-05:00,no_returned_trades,not_retrieved
BIL,2017-01-03T14:34:00+00:00,2017-01-03T14:35:00+00:00,2017-01-03T09:34:00-05:00,only_price_ineligible_trades,not_retrieved
BIL,2017-01-03T14:35:00+00:00,2017-01-03T14:36:00+00:00,2017-01-03T09:35:00-05:00,no_returned_trades,not_retrieved
BIL,2017-01-03T14:36:00+00:00,2017-01-03T14:37:00+00:00,2017-01-03T09:36:00-05:00,no_returned_trades,not_retrieved
BIL,2017-01-03T14:38:00+00:00,2017-01-03T14:39:00+00:00,2017-01-03T09:38:00-05:00,no_returned_trades,not_retrieved
BIL,2017-01-03T14:43:00+00:00,2017-01-03T14:44:00+00:00,2017-01-03T09:43:00-05:00,no_returned_trades,not_retrieved
BIL,2017-01-03T14:44:00+00:00,2017-01-03T14:45:00+00:00,2017-01-03T09:44:00-05:00,no_returned_trades,not_retrieved
BIL,2017-01-03T14:46:00+00:00,2017-01-03T14:47:00+00:00,2017-01-03T09:46:00-05:00,no_returned_trades,not_retrieved
BIL,2017-01-03T14:48:00+00:00,2017-01-03T14:49:00+00:00,2017-01-03T09:48:00-05:00,no_returned_trades,not_retrieved
BIL,2017-01-03T14:49:00+00:00,2017-01-03T14:50:00+00:00,2017-01-03T09:49:00-05:00,no_returned_trades,not_retrieved
BIL,2017-01-03T14:52:00+00:00,2017-01-03T14:53:00+00:00,2017-01-03T09:52:00-05:00,no_returned_trades,not_retrieved
BIL,2017-01-03T14:53:00+00:00,2017-01-03T14:54:00+00:00,2017-01-03T09:53:00-05:00,no_returned_trades,not_retrieved
BIL,2017-01-03T14:55:00+00:00,2017-01-03T14:56:00+00:00,2017-01-03T09:55:00-05:00,no_returned_trades,not_retrieved
BIL,2017-01-03T14:58:00+00:00,2017-01-03T14:59:00+00:00,2017-01-03T09:58:00-05:00,only_price_ineligible_trades,not_retrieved
BIL,2017-01-03T14:59:00+00:00,2017-01-03T15:00:00+00:00,2017-01-03T09:59:00-05:00,only_price_ineligible_trades,not_retrieved
BIL,2017-01-03T15:05:00+00:00,2017-01-03T15:06:00+00:00,2017-01-03T10:05:00-05:00,no_returned_trades,not_retrieved
BIL,2017-01-03T15:06:00+00:00,2017-01-03T15:07:00+00:00,2017-01-03T10:06:00-05:00,only_price_ineligible_trades,not_retrieved
BIL,2017-01-03T15:08:00+00:00,2017-01-03T15:09:00+00:00,2017-01-03T10:08:00-05:00,no_returned_trades,not_retrieved
BIL,2017-01-03T15:12:00+00:00,2017-01-03T15:13:00+00:00,2017-01-03T10:12:00-05:00,no_returned_trades,not_retrieved
BIL,2017-01-03T15:16:00+00:00,2017-01-03T15:17:00+00:00,2017-01-03T10:16:00-05:00,only_price_ineligible_trades,not_retrieved
BIL,2017-01-03T15:20:00+00:00,2017-01-03T15:21:00+00:00,2017-01-03T10:20:00-05:00,no_returned_trades,not_retrieved
BIL,2017-01-03T15:22:00+00:00,2017-01-03T15:23:00+00:00,2017-01-03T10:22:00-05:00,no_returned_trades,not_retrieved
BIL,2017-01-03T15:23:00+00:00,2017-01-03T15:24:00+00:00,2017-01-03T10:23:00-05:00,no_returned_trades,not_retrieved
BIL,2017-01-03T15:28:00+00:00,2017-01-03T15:29:00+00:00,2017-01-03T10:28:00-05:00,no_returned_trades,not_retrieved
BIL,2017-01-03T15:30:00+00:00,2017-01-03T15:31:00+00:00,2017-01-03T10:30:00-05:00,no_returned_trades,not_retrieved
BIL,2017-01-03T15:31:00+00:00,2017-01-03T15:32:00+00:00,2017-01-03T10:31:00-05:00,no_returned_trades,not_retrieved
BIL,2017-01-03T15:33:00+00:00,2017-01-03T15:34:00+00:00,2017-01-03T10:33:00-05:00,no_returned_trades,not_retrieved
BIL,2017-01-03T15:37:00+00:00,2017-01-03T15:38:00+00:00,2017-01-03T10:37:00-05:00,no_returned_trades,not_retrieved
BIL,2017-01-03T15:40:00+00:00,2017-01-03T15:41:00+00:00,2017-01-03T10:40:00-05:00,no_returned_trades,not_retrieved
BIL,2017-01-03T15:41:00+00:00,2017-01-03T15:42:00+00:00,2017-01-03T10:41:00-05:00,no_returned_trades,not_retrieved
BIL,2017-01-03T15:46:00+00:00,2017-01-03T15:47:00+00:00,2017-01-03T10:46:00-05:00,no_returned_trades,not_retrieved
BIL,2017-01-03T15:48:00+00:00,2017-01-03T15:49:00+00:00,2017-01-03T10:48:00-05:00,no_returned_trades,not_retrieved
BIL,2017-01-03T15:52:00+00:00,2017-01-03T15:53:00+00:00,2017-01-03T10:52:00-05:00,no_returned_trades,not_retrieved
BIL,2017-01-03T15:55:00+00:00,2017-01-03T15:56:00+00:00,2017-01-03T10:55:00-05:00,only_price_ineligible_trades,not_retrieved
BIL,2017-01-03T15:56:00+00:00,2017-01-03T15:57:00+00:00,2017-01-03T10:56:00-05:00,no_returned_trades,not_retrieved
BIL,2017-01-03T15:57:00+00:00,2017-01-03T15:58:00+00:00,2017-01-03T10:57:00-05:00,only_price_ineligible_trades,not_retrieved
BIL,2017-01-03T16:39:00+00:00,2017-01-03T16:40:00+00:00,2017-01-03T11:39:00-05:00,no_returned_trades,not_retrieved
BIL,2017-01-03T16:43:00+00:00,2017-01-03T16:44:00+00:00,2017-01-03T11:43:00-05:00,only_price_ineligible_trades,not_retrieved
BIL,2017-01-03T16:53:00+00:00,2017-01-03T16:54:00+00:00,2017-01-03T11:53:00-05:00,no_returned_trades,not_retrieved
BIL,2017-01-03T16:55:00+00:00,2017-01-03T16:56:00+00:00,2017-01-03T11:55:00-05:00,no_returned_trades,not_retrieved
BIL,2017-01-03T17:00:00+00:00,2017-01-03T17:01:00+00:00,2017-01-03T12:00:00-05:00,only_price_ineligible_trades,not_retrieved
BIL,2017-01-03T17:01:00+00:00,2017-01-03T17:02:00+00:00,2017-01-03T12:01:00-05:00,no_returned_trades,not_retrieved
BIL,2017-01-03T17:05:00+00:00,2017-01-03T17:06:00+00:00,2017-01-03T12:05:00-05:00,only_price_ineligible_trades,not_retrieved
BIL,2017-01-03T17:08:00+00:00,2017-01-03T17:09:00+00:00,2017-01-03T12:08:00-05:00,no_returned_trades,not_retrieved
BIL,2017-01-03T17:14:00+00:00,2017-01-03T17:15:00+00:00,2017-01-03T12:14:00-05:00,only_price_ineligible_trades,not_retrieved
BIL,2017-01-03T17:20:00+00:00,2017-01-03T17:21:00+00:00,2017-01-03T12:20:00-05:00,no_returned_trades,not_retrieved
BIL,2017-01-03T17:21:00+00:00,2017-01-03T17:22:00+00:00,2017-01-03T12:21:00-05:00,no_returned_trades,not_retrieved
BIL,2017-01-03T17:32:00+00:00,2017-01-03T17:33:00+00:00,2017-01-03T12:32:00-05:00,no_returned_trades,not_retrieved
BIL,2017-01-03T17:34:00+00:00,2017-01-03T17:35:00+00:00,2017-01-03T12:34:00-05:00,no_returned_trades,not_retrieved
BIL,2017-01-03T17:39:00+00:00,2017-01-03T17:40:00+00:00,2017-01-03T12:39:00-05:00,no_returned_trades,not_retrieved
BIL,2017-01-03T17:40:00+00:00,2017-01-03T17:41:00+00:00,2017-01-03T12:40:00-05:00,no_returned_trades,not_retrieved
BIL,2017-01-03T17:41:00+00:00,2017-01-03T17:42:00+00:00,2017-01-03T12:41:00-05:00,only_price_ineligible_trades,not_retrieved
BIL,2017-01-03T17:45:00+00:00,2017-01-03T17:46:00+00:00,2017-01-03T12:45:00-05:00,no_returned_trades,not_retrieved
BIL,2017-01-03T17:47:00+00:00,2017-01-03T17:48:00+00:00,2017-01-03T12:47:00-05:00,only_price_ineligible_trades,not_retrieved
BIL,2017-01-03T17:50:00+00:00,2017-01-03T17:51:00+00:00,2017-01-03T12:50:00-05:00,only_price_ineligible_trades,not_retrieved
BIL,2017-01-03T17:51:00+00:00,2017-01-03T17:52:00+00:00,2017-01-03T12:51:00-05:00,no_returned_trades,not_retrieved
BIL,2017-01-03T17:55:00+00:00,2017-01-03T17:56:00+00:00,2017-01-03T12:55:00-05:00,only_price_ineligible_trades,not_retrieved
BIL,2017-01-03T17:56:00+00:00,2017-01-03T17:57:00+00:00,2017-01-03T12:56:00-05:00,no_returned_trades,not_retrieved
BIL,2017-01-03T17:59:00+00:00,2017-01-03T18:00:00+00:00,2017-01-03T12:59:00-05:00,no_returned_trades,not_retrieved
BIL,2017-01-03T18:12:00+00:00,2017-01-03T18:13:00+00:00,2017-01-03T13:12:00-05:00,no_returned_trades,not_retrieved
BIL,2017-01-03T18:17:00+00:00,2017-01-03T18:18:00+00:00,2017-01-03T13:17:00-05:00,no_returned_trades,not_retrieved
BIL,2017-01-03T18:19:00+00:00,2017-01-03T18:20:00+00:00,2017-01-03T13:19:00-05:00,no_returned_trades,not_retrieved
BIL,2017-01-03T18:23:00+00:00,2017-01-03T18:24:00+00:00,2017-01-03T13:23:00-05:00,no_returned_trades,not_retrieved
BIL,2017-01-03T18:24:00+00:00,2017-01-03T18:25:00+00:00,2017-01-03T13:24:00-05:00,only_price_ineligible_trades,not_retrieved
BIL,2017-01-03T18:28:00+00:00,2017-01-03T18:29:00+00:00,2017-01-03T13:28:00-05:00,no_returned_trades,not_retrieved
BIL,2017-01-03T18:29:00+00:00,2017-01-03T18:30:00+00:00,2017-01-03T13:29:00-05:00,only_price_ineligible_trades,not_retrieved
BIL,2017-01-03T18:31:00+00:00,2017-01-03T18:32:00+00:00,2017-01-03T13:31:00-05:00,no_returned_trades,not_retrieved
BIL,2017-01-03T18:34:00+00:00,2017-01-03T18:35:00+00:00,2017-01-03T13:34:00-05:00,only_price_ineligible_trades,not_retrieved
BIL,2017-01-03T18:46:00+00:00,2017-01-03T18:47:00+00:00,2017-01-03T13:46:00-05:00,only_price_ineligible_trades,not_retrieved
BIL,2017-01-03T18:49:00+00:00,2017-01-03T18:50:00+00:00,2017-01-03T13:49:00-05:00,no_returned_trades,not_retrieved
BIL,2017-01-03T18:57:00+00:00,2017-01-03T18:58:00+00:00,2017-01-03T13:57:00-05:00,only_price_ineligible_trades,not_retrieved
BIL,2017-01-03T19:13:00+00:00,2017-01-03T19:14:00+00:00,2017-01-03T14:13:00-05:00,only_price_ineligible_trades,not_retrieved
BIL,2017-01-03T19:22:00+00:00,2017-01-03T19:23:00+00:00,2017-01-03T14:22:00-05:00,no_returned_trades,not_retrieved
BIL,2017-01-03T19:33:00+00:00,2017-01-03T19:34:00+00:00,2017-01-03T14:33:00-05:00,only_price_ineligible_trades,not_retrieved
BIL,2017-01-03T19:38:00+00:00,2017-01-03T19:39:00+00:00,2017-01-03T14:38:00-05:00,no_returned_trades,not_retrieved
BIL,2017-01-03T19:53:00+00:00,2017-01-03T19:54:00+00:00,2017-01-03T14:53:00-05:00,no_returned_trades,not_retrieved
BIL,2017-01-03T19:54:00+00:00,2017-01-03T19:55:00+00:00,2017-01-03T14:54:00-05:00,no_returned_trades,not_retrieved
BIL,2017-01-03T20:06:00+00:00,2017-01-03T20:07:00+00:00,2017-01-03T15:06:00-05:00,only_price_ineligible_trades,not_retrieved
BIL,2017-01-03T20:07:00+00:00,2017-01-03T20:08:00+00:00,2017-01-03T15:07:00-05:00,only_price_ineligible_trades,not_retrieved
BIL,2017-01-03T20:19:00+00:00,2017-01-03T20:20:00+00:00,2017-01-03T15:19:00-05:00,only_price_ineligible_trades,not_retrieved
BIL,2017-01-03T20:24:00+00:00,2017-01-03T20:25:00+00:00,2017-01-03T15:24:00-05:00,no_returned_trades,not_retrieved
BIL,2017-01-03T20:26:00+00:00,2017-01-03T20:27:00+00:00,2017-01-03T15:26:00-05:00,only_price_ineligible_trades,not_retrieved
BIL,2017-01-03T20:29:00+00:00,2017-01-03T20:30:00+00:00,2017-01-03T15:29:00-05:00,no_returned_trades,not_retrieved
